,0
0,https://live.staticflickr.com/4026/4665545655_2d0b541404_o.jpg
1,https://live.staticflickr.com/3086/2528712191_09540f8ed7_o.jpg
2,https://live.staticflickr.com/7723/26615124863_124e37727c_o.jpg
3,https://live.staticflickr.com/2700/5798940778_190f4988c4_o.jpg
4,https://live.staticflickr.com/4195/34151942523_3a8ee3bc0b_o.jpg
5,https://live.staticflickr.com/65535/33885428948_dfe0d355e6_o.jpg
6,
7,https://live.staticflickr.com/907/42234163301_40ff3565ba_o.jpg
8,https://live.staticflickr.com/980/42187879502_65df55230f_o.jpg
9,
10,
11,https://live.staticflickr.com/2939/14137383257_279ff03a08_o.jpg
12,https://live.staticflickr.com/2026/2480329022_699de81752_o.jpg
13,https://live.staticflickr.com/3277/2585910165_a431c9f4cd_o.jpg
14,
15,https://live.staticflickr.com/958/42114135752_0fe3cf7669_o.jpg
16,
17,
18,https://live.staticflickr.com/94/248596102_2dc510218a_o.jpg
19,https://live.staticflickr.com/6225/6333356161_935f2c7450_o.jpg
20,https://live.staticflickr.com/6039/6352558119_989357dd7c_o.jpg
21,https://live.staticflickr.com/1757/41720023194_26760a055c_o.jpg
22,https://live.staticflickr.com/869/40939699794_d4beeb623f_o.jpg
23,https://live.staticflickr.com/2070/2461134134_94f659f2a2_o.jpg
24,https://live.staticflickr.com/8151/7217839680_f9897d349d_o.jpg
25,https://live.staticflickr.com/696/22428101045_d75807ed32_o.jpg
26,
27,
28,https://live.staticflickr.com/1745/40612281150_d5b126370b_o.jpg
29,
30,https://live.staticflickr.com/2293/2480328518_5fcb7f3bf6_o.jpg
31,https://live.staticflickr.com/168/470377119_e7c68eb5d8_o.jpg
32,
33,https://live.staticflickr.com/969/28147192098_07bcaa9b4d_o.jpg
34,https://live.staticflickr.com/3792/11571471073_219bece6ee_o.jpg
35,https://live.staticflickr.com/2919/14216150226_6c03acfcc1_o.jpg
36,https://live.staticflickr.com/5496/10901137955_2806218eac_o.jpg
37,https://live.staticflickr.com/5105/5822035090_859b118666_o.jpg
38,
39,
40,https://live.staticflickr.com/5315/5868021678_841d554308_o.jpg
41,
42,https://live.staticflickr.com/944/41077428225_11fa9883c4_o.jpg
43,https://live.staticflickr.com/4203/34278404803_0831000ee4_o.jpg
44,https://live.staticflickr.com/4004/4393115308_2345fe47bf_o.jpg
45,
46,https://live.staticflickr.com/8688/17078194679_89ca9e7fe1_o.jpg
47,https://live.staticflickr.com/965/41932420362_b804bf31b1_o.jpg
48,
49,
50,
51,https://live.staticflickr.com/2221/5765616997_63f38bd3b5_o.jpg
52,https://live.staticflickr.com/5165/5725867389_09cd018158_o.jpg
53,https://live.staticflickr.com/1800/29107399967_2d56ef635d_o.jpg
54,https://live.staticflickr.com/803/39537132430_f1fcdf6171_o.jpg
55,
56,https://live.staticflickr.com/959/39917514380_2d2b379c19_o.jpg
57,
58,https://live.staticflickr.com/7912/45929615984_6d45cd7f41_o.jpg
59,
60,https://live.staticflickr.com/7455/16448221975_46e515663e_o.jpg
61,
62,https://live.staticflickr.com/3724/19602449370_636da54e5b_o.jpg
63,https://live.staticflickr.com/1897/30391376108_c4041efa08_o.jpg
64,https://live.staticflickr.com/197/498905725_f47f235604_o.jpg
65,
66,
67,https://live.staticflickr.com/4134/4739631565_7e42c4f492_o.jpg
68,
69,
70,https://live.staticflickr.com/4023/4617296710_cace33879a_o.jpg
71,
72,
73,
74,
75,
76,https://live.staticflickr.com/8792/17677574842_78fcfa3aff_o.jpg
77,https://live.staticflickr.com/958/39906990660_669c483c6b_o.jpg
78,
79,https://live.staticflickr.com/3031/2411612369_b56fc3c571_o.jpg
80,https://live.staticflickr.com/1746/42567659481_0e2c8103f8_o.jpg
81,
82,https://live.staticflickr.com/61/213414618_f6d1911c05_o.jpg
83,https://live.staticflickr.com/5784/20755904065_42409b85c4_o.jpg
84,https://live.staticflickr.com/7011/26739413294_5f9b756d9f_o.jpg
85,https://live.staticflickr.com/7635/16984649607_4dcf9ac8dc_o.jpg
86,
87,https://live.staticflickr.com/4013/4584441973_6cf95e0a45_o.jpg
88,
89,https://live.staticflickr.com/1760/42412801052_1c18a8e063_o.jpg
90,
91,https://live.staticflickr.com/3653/3398884794_fe115da403_o.jpg
92,
93,https://live.staticflickr.com/8870/27582030384_ac566e577d_o.jpg
94,https://live.staticflickr.com/4225/34563563743_a8cc349aa3_o.jpg
95,https://live.staticflickr.com/824/41334507144_0b09a87c5b_o.jpg
96,https://live.staticflickr.com/3717/9054832831_ef63904fdf_o.jpg
97,
98,
99,https://live.staticflickr.com/7233/7213483636_683d9dc7e4_o.jpg
100,
101,https://live.staticflickr.com/8125/8699570380_43d2153cd8_o.jpg
102,https://live.staticflickr.com/7083/7400107912_aa93384efa_o.jpg
103,https://live.staticflickr.com/952/41572690254_1b4f7708ea_o.jpg
104,
105,https://live.staticflickr.com/1915/45480495542_064e48be7c_o.jpg
106,https://live.staticflickr.com/7289/26774374114_fe6c8c8791_o.jpg
107,
108,https://live.staticflickr.com/3313/5820990772_c7ee3d6319_o.jpg
109,
110,https://live.staticflickr.com/8745/16321237323_25c7cfe7db_o.jpg
111,https://live.staticflickr.com/7297/14149595602_0f0cde7e34_o.jpg
112,
113,
114,https://live.staticflickr.com/4205/35356808861_a2d3163d1b_o.jpg
115,https://live.staticflickr.com/3156/2495774640_9b720481c6_o.jpg
116,
117,
118,https://live.staticflickr.com/3404/3566555284_51ef806e1c_o.jpg
119,
120,
121,
122,https://live.staticflickr.com/4247/35241159132_24f62470c8_o.jpg
123,
124,https://live.staticflickr.com/4187/34636691785_b154bb95b8_o.jpg
125,
126,https://live.staticflickr.com/3104/3533069563_86bb4fb130_o.jpg
127,https://live.staticflickr.com/2924/14116947676_13441d491e_o.jpg
128,https://live.staticflickr.com/3358/3511483376_f509a62398_o.jpg
129,https://live.staticflickr.com/2912/14139125415_54714f0e60_o.jpg
130,
131,https://live.staticflickr.com/1032/536463048_1e24b19bf2_o.jpg
132,https://live.staticflickr.com/3356/3587247446_5196d125f4_o.jpg
133,https://live.staticflickr.com/3157/2669474557_a4ee2b14e5_o.jpg
134,https://live.staticflickr.com/878/40612281740_1b55d51ec3_o.jpg
135,https://live.staticflickr.com/7228/7305617744_5bbeab81cc_o.jpg
136,
137,
138,https://live.staticflickr.com/1721/40612281020_53dbde36ff_o.jpg
139,https://live.staticflickr.com/2874/33393151274_a721fc350c_o.jpg
140,https://live.staticflickr.com/5071/14139275548_2587129ce5_o.jpg
141,https://live.staticflickr.com/63/158303763_a11a118dca_o.jpg
142,
143,
144,https://live.staticflickr.com/7683/17125175308_55568f3f6e_o.jpg
145,https://live.staticflickr.com/6068/6123879050_3585ab0bf2_o.jpg
146,
147,
148,https://live.staticflickr.com/7102/7180468270_65678f2b29_o.jpg
149,https://live.staticflickr.com/4072/4618831003_e6e7312595_o.jpg
150,https://live.staticflickr.com/902/28408952038_ea2371132d_o.jpg
151,
152,
153,
154,
155,https://live.staticflickr.com/294/32481165800_c700d515f5_o.jpg
156,
157,
158,https://live.staticflickr.com/7761/17745911753_9689a7c9f3_o.jpg
159,https://live.staticflickr.com/980/42132692152_258b78df93_o.jpg
160,
161,https://live.staticflickr.com/4228/34366672424_94e0f4fb9b_o.jpg
162,
163,https://live.staticflickr.com/3392/4624946883_ca5bcc7a2d_o.jpg
164,
165,https://live.staticflickr.com/3064/5733087431_c6929174f0_o.jpg
166,
167,
168,https://live.staticflickr.com/4004/4666470078_308ecf0bc2_o.jpg
169,https://live.staticflickr.com/3558/3587246196_0e8f898c7f_o.jpg
170,https://live.staticflickr.com/3032/2526612567_eedc6e95d0_o.jpg
171,https://live.staticflickr.com/1013/4733316589_2165becd4c_o.jpg
172,
173,https://live.staticflickr.com/2923/13993696698_79514be818_o.jpg
174,https://live.staticflickr.com/1753/40612281570_94ee8c879e_o.jpg
175,https://live.staticflickr.com/1948/31106018168_8d9a46a676_o.jpg
176,https://live.staticflickr.com/3413/3614614451_278132ac2d_o.jpg
177,
178,https://live.staticflickr.com/3687/9057061942_99dffdd051_o.jpg
179,
180,
181,https://live.staticflickr.com/4057/4646950635_79e66fdcc0_o.jpg
182,https://live.staticflickr.com/5062/5568505273_7ec79ee9c3_o.jpg
183,https://live.staticflickr.com/6077/6123879856_e50d7cdfa4_o.jpg
184,https://live.staticflickr.com/4053/4683229403_d85c0a31fa_o.jpg
185,https://live.staticflickr.com/3925/14252960528_97e9a396b2_o.jpg
186,https://live.staticflickr.com/6203/6123879320_b8697a6a19_o.jpg
187,https://live.staticflickr.com/5591/14329103553_ccd2f1793a_o.jpg
188,https://live.staticflickr.com/7097/7001095281_b7bcefe056_o.jpg
189,https://live.staticflickr.com/7424/8721627356_daa25bce7f_o.jpg
190,
191,https://live.staticflickr.com/5587/14237901335_fc0dbdf1c3_o.jpg
192,https://live.staticflickr.com/2761/4393115218_1829b6a7f3_o.jpg
193,
194,
195,https://live.staticflickr.com/1278/4683860272_3787f68bf6_o.jpg
196,https://live.staticflickr.com/957/27419054687_fc02fe61f3_o.jpg
197,https://live.staticflickr.com/8899/18519018712_3c25b1ee96_o.jpg
198,
199,https://live.staticflickr.com/825/41458190654_096f2ecd76_o.jpg
200,https://live.staticflickr.com/2863/9125379414_05cda8032a_o.jpg
201,
202,
203,https://live.staticflickr.com/3399/4646949997_b4a49de872_o.jpg
204,
205,https://live.staticflickr.com/3272/2557708900_2ca12b2ac6_o.jpg
206,https://live.staticflickr.com/7836/32599698867_ee9fb609d3_o.jpg
207,https://live.staticflickr.com/7447/13966473079_42a586e343_o.jpg
208,https://live.staticflickr.com/1731/40612281910_0e37ddbc30_o.jpg
209,https://live.staticflickr.com/3841/33881430516_effa302c1f_o.jpg
210,https://live.staticflickr.com/3315/3274756118_b04f30ddf8_o.jpg
211,https://live.staticflickr.com/1466/26385803895_a02063e466_o.jpg
212,https://live.staticflickr.com/889/41518062675_abbb83d253_o.jpg
213,
214,
215,https://live.staticflickr.com/909/40996605924_7c2f45b61e_o.jpg
216,
217,https://live.staticflickr.com/1752/41935833655_9bb3c89004_o.jpg
218,https://live.staticflickr.com/50/141577363_cb3e077221_o.jpg
219,https://live.staticflickr.com/2521/5748038870_8b581ef1a4_o.jpg
220,https://live.staticflickr.com/2299/2310778209_d7b02895c1_o.jpg
221,https://live.staticflickr.com/1744/28547099438_b7d7872aac_o.jpg
222,https://live.staticflickr.com/204/550271155_ecc5377bd4_o.jpg
223,
224,
225,https://live.staticflickr.com/4016/4683863674_9af795626a_o.jpg
226,https://live.staticflickr.com/8012/7359674388_258bcf74a0_o.jpg
227,https://live.staticflickr.com/2940/13966473439_85da601bec_o.jpg
228,https://live.staticflickr.com/1758/41917293294_af7679b2cd_o.jpg
229,https://live.staticflickr.com/7038/6821741754_5f15549110_o.jpg
230,https://live.staticflickr.com/4061/4684903790_e1480b7dfd_o.jpg
231,https://live.staticflickr.com/4170/33768191353_ece64945b1_o.jpg
232,https://live.staticflickr.com/2069/2064148462_194becb6e5_o.jpg
233,
234,https://live.staticflickr.com/3941/15620328772_f54c7a8d4e_o.jpg
235,https://live.staticflickr.com/1333/1160871115_9488b9bba3_o.jpg
236,https://live.staticflickr.com/3147/2566759786_e9b4a3867f_o.jpg
237,https://live.staticflickr.com/1748/40612281640_970aefe5aa_o.jpg
238,https://live.staticflickr.com/1033/793667886_f6fa0a6c6a_o.jpg
239,https://live.staticflickr.com/1737/27626004657_8d28d82f35_o.jpg
240,
241,https://live.staticflickr.com/1739/41518062375_b18769c189_o.jpg
242,https://live.staticflickr.com/2907/14034179559_9d6578475c_o.jpg
243,
244,https://live.staticflickr.com/4177/33710542733_67896a91aa_o.jpg
245,https://live.staticflickr.com/7345/14111758821_d08a907ecf_o.jpg
246,https://live.staticflickr.com/51/134030012_ee24f38a1e_o.jpg
247,
248,https://live.staticflickr.com/5111/5914539765_3239822df7_o.jpg
249,https://live.staticflickr.com/52/141577340_bfbcad7a1d_o.jpg
250,https://live.staticflickr.com/6235/6294114652_87565bbd32_o.jpg
251,https://live.staticflickr.com/5284/5255077682_22da0fd5c8_o.jpg
252,https://live.staticflickr.com/3822/14122272668_912a530bcd_o.jpg
253,https://live.staticflickr.com/7871/32179857847_03a33fe339_o.jpg
254,https://live.staticflickr.com/8856/18256508742_1a91bcebdd_o.jpg
255,
256,https://live.staticflickr.com/8118/8620108617_0dcc96dca3_o.jpg
257,https://live.staticflickr.com/4021/4572779081_dd5e88f762_o.jpg
258,https://live.staticflickr.com/3373/5831429312_ef90433c0b_o.jpg
259,https://live.staticflickr.com/7231/7346394538_3cf3954095_o.jpg
260,https://live.staticflickr.com/3318/3221111599_132987a561_o.jpg
261,https://live.staticflickr.com/4054/4625552630_fc515294a3_o.jpg
262,https://live.staticflickr.com/5209/5230152162_a33c1482af_o.jpg
263,
264,https://live.staticflickr.com/3662/3481861572_eb90dac8c1_o.jpg
265,https://live.staticflickr.com/4180/34570378561_886cbd0f54_o.jpg
266,https://live.staticflickr.com/4054/4715709210_9658e5686a_o.jpg
267,https://live.staticflickr.com/3546/3495999652_981ec2618a_o.jpg
268,
269,
270,https://live.staticflickr.com/7213/7265022286_34c05b8ec9_o.jpg
271,
272,https://live.staticflickr.com/3182/2624262631_4ffc4f5d38_o.jpg
273,
274,https://live.staticflickr.com/1755/40612282010_7e2bf15da3_o.jpg
275,https://live.staticflickr.com/7321/13966492170_409c92793e_o.jpg
276,https://live.staticflickr.com/3914/14697131826_d353a17218_o.jpg
277,
278,
279,https://live.staticflickr.com/3346/4616350079_dc314526de_o.jpg
280,https://live.staticflickr.com/5328/8856834771_36400d68f7_o.jpg
281,https://live.staticflickr.com/5023/5656737665_d826a27f54_o.jpg
282,
283,https://live.staticflickr.com/2040/2246250943_5ca1f9421e_o.jpg
284,https://live.staticflickr.com/6204/6101509955_7d0bc8a244_o.jpg
285,https://live.staticflickr.com/3101/2310778457_c61c468f5b_o.jpg
286,
287,https://live.staticflickr.com/7457/8836142080_ceec835c9e_o.jpg
288,
289,https://live.staticflickr.com/1194/527809421_1596b51af3_o.jpg
290,https://live.staticflickr.com/7453/8727938668_e8ae70b6e5_o.jpg
291,
292,https://live.staticflickr.com/1736/28547099318_0d2d0c9e91_o.jpg
293,https://live.staticflickr.com/4065/4683865122_1cfaf6f2c5_o.jpg
294,https://live.staticflickr.com/3173/2586380522_308182b978_o.jpg
295,https://live.staticflickr.com/3626/3517773868_f0e794b93f_o.jpg
296,https://live.staticflickr.com/5069/5672898773_8edd8c6394_o.jpg
297,https://live.staticflickr.com/7658/17266115801_a1dd8d49e6_o.jpg
298,
299,https://live.staticflickr.com/5209/5287247582_a6813a12d1_o.jpg
300,https://live.staticflickr.com/65535/40901854093_602760443a_o.jpg
301,https://live.staticflickr.com/4720/40325071731_af0eb5d94f_o.jpg
302,
303,https://live.staticflickr.com/1729/41518062945_70039a310a_o.jpg
304,https://live.staticflickr.com/4155/34209551350_f0e04b2fab_o.jpg
305,https://live.staticflickr.com/4257/34920471850_acbdf52964_o.jpg
306,https://live.staticflickr.com/2016/2173216321_a51a187f19_o.jpg
307,
308,
309,https://live.staticflickr.com/7446/9002617523_1286dfa791_o.jpg
310,https://live.staticflickr.com/874/42400482002_430279f7fc_o.jpg
311,
312,https://live.staticflickr.com/1730/28547099788_db6252896f_o.jpg
313,
314,https://live.staticflickr.com/5515/9212958174_f408104610_o.jpg
315,
316,
317,
318,https://live.staticflickr.com/1727/41518065715_df6be6bd0d_o.jpg
319,https://live.staticflickr.com/7467/26740979540_26667d3443_o.jpg
320,https://live.staticflickr.com/5263/5672890607_67def0426d_o.jpg
321,https://live.staticflickr.com/4241/35301930611_8a33cbf768_o.jpg
322,https://live.staticflickr.com/5185/5694984160_0c5803c365_o.jpg
323,https://live.staticflickr.com/3151/5831428650_94dde3109e_o.jpg
324,https://live.staticflickr.com/3017/2372475031_8555c2296e_o.jpg
325,https://live.staticflickr.com/2465/3598138235_21d559cc71_o.jpg
326,https://live.staticflickr.com/5339/6919797204_acfc1e4fcf_o.jpg
327,https://live.staticflickr.com/3369/3438290390_aa42e6d90a_o.jpg
328,https://live.staticflickr.com/3876/14637969502_b2363fec90_o.jpg
329,https://live.staticflickr.com/4146/5061372237_2b42576456_o.jpg
330,
331,
332,
333,https://live.staticflickr.com/1448/26591224416_a3533e8382_o.jpg
334,https://live.staticflickr.com/3712/13913219162_158de13083_o.jpg
335,https://live.staticflickr.com/3382/3517773128_12359b667d_o.jpg
336,https://live.staticflickr.com/2914/14040602140_72a916b1f3_o.jpg
337,
338,https://live.staticflickr.com/1208/1445576594_c371274c0a_o.jpg
339,https://live.staticflickr.com/3345/4631471695_bfc99b04ff_o.jpg
340,https://live.staticflickr.com/3679/10115417745_42658d9068_o.jpg
341,https://live.staticflickr.com/7421/14089222412_944f351f95_o.jpg
342,https://live.staticflickr.com/3194/2852417974_fd15ce1b1e_o.jpg
343,https://live.staticflickr.com/1047/4731448148_df1c58c206_o.jpg
344,https://live.staticflickr.com/2457/3560171181_6f846fa6c3_o.jpg
345,
346,https://live.staticflickr.com/7083/7354770108_efbc1560e1_o.jpg
347,https://live.staticflickr.com/170/467841519_d83c750b3b_o.jpg
348,https://live.staticflickr.com/7438/8772059978_83581778b1_o.jpg
349,
350,https://live.staticflickr.com/4250/34716874641_43b606c12d_o.jpg
351,
352,https://live.staticflickr.com/3727/13951132055_999caa3d00_o.jpg
353,https://live.staticflickr.com/3152/2614011980_6f5fbf469c_o.jpg
354,https://live.staticflickr.com/5104/5673478496_b184109a22_o.jpg
355,https://live.staticflickr.com/7105/6933825324_7632e38746_o.jpg
356,https://live.staticflickr.com/7791/18280071332_c7a522d90a_o.jpg
357,
358,
359,https://live.staticflickr.com/4634/25644138578_57b95c74b8_o.jpg
360,
361,https://live.staticflickr.com/142/335817339_ccd6309251_o.jpg
362,
363,
364,https://live.staticflickr.com/8115/8836132042_a3c84b1fe9_o.jpg
365,
366,https://live.staticflickr.com/4642/38464399034_9a8fe1efa3_o.jpg
367,
368,
369,https://live.staticflickr.com/4015/4689391099_659379f1bb_o.jpg
370,
371,
372,https://live.staticflickr.com/1532/24908045001_551dcd06b4_o.jpg
373,https://live.staticflickr.com/873/41518063305_25aecace20_o.jpg
374,
375,
376,https://live.staticflickr.com/7072/7234894500_4b02bd6401_o.jpg
377,https://live.staticflickr.com/2893/9002646687_5c113ba8de_o.jpg
378,https://live.staticflickr.com/7443/13993674129_7b414e4539_o.jpg
379,https://live.staticflickr.com/1477/26735100655_152c220f33_o.jpg
380,https://live.staticflickr.com/3275/2543017308_57eddb12c3_o.jpg
381,https://live.staticflickr.com/8732/17343999645_20964e3c18_o.jpg
382,https://live.staticflickr.com/3078/2553372742_704f4a6529_o.jpg
383,https://live.staticflickr.com/7683/26777968710_3a85caf3b8_o.jpg
384,https://live.staticflickr.com/3382/3492353511_fbcb574e75_o.jpg
385,https://live.staticflickr.com/7129/13680240975_933581b5ca_o.jpg
386,https://live.staticflickr.com/5278/5894972961_ba3f68cf87_o.jpg
387,
388,https://live.staticflickr.com/4041/4294752906_4421b5274a_o.jpg
389,
390,https://live.staticflickr.com/3291/2852418142_e52ed36a14_o.jpg
391,
392,https://live.staticflickr.com/5273/5800293667_78bb7c4b7f_o.jpg
393,https://live.staticflickr.com/2811/33590877154_50a5348c4a_o.jpg
394,https://live.staticflickr.com/2711/4024690654_e4c2dd4bf4_o.jpg
395,https://live.staticflickr.com/7078/7309948452_72e88a6915_o.jpg
396,
397,
398,https://live.staticflickr.com/3363/4594894266_76a10dc5da_o.jpg
399,
400,
401,https://live.staticflickr.com/65535/40849090403_f8159db969_o.jpg
402,https://live.staticflickr.com/3587/4604882757_1e97950f01_o.jpg
403,https://live.staticflickr.com/3349/4640729511_5ee898f939_o.jpg
404,
405,https://live.staticflickr.com/8390/8536215032_677c4ec5fe_o.jpg
406,https://live.staticflickr.com/8146/7135005325_7c9eb0fd66_o.jpg
407,https://live.staticflickr.com/198/465507207_eb23cda05d_o.jpg
408,https://live.staticflickr.com/1738/28547099728_1b55d51ec3_o.jpg
409,https://live.staticflickr.com/5222/5628381878_4597d6655e_o.jpg
410,
411,https://live.staticflickr.com/2427/3570925992_b52a03914e_o.jpg
412,
413,
414,https://live.staticflickr.com/3619/3590345982_3d0c6199f7_o.jpg
415,https://live.staticflickr.com/65535/47763389202_81e1b27326_o.jpg
416,https://live.staticflickr.com/6034/7004627313_8f94d2ecff_o.jpg
417,https://live.staticflickr.com/3611/3573929294_70f7b06104_o.jpg
418,https://live.staticflickr.com/4051/4594894486_888ef90d28_o.jpg
419,https://live.staticflickr.com/3296/2442083760_c2df1bb24c_o.jpg
420,https://live.staticflickr.com/7389/8966204199_f978a73910_o.jpg
421,https://live.staticflickr.com/74/167855937_652991da74_o.jpg
422,https://live.staticflickr.com/1419/537491437_771adf866c_o.jpg
423,https://live.staticflickr.com/5454/16910542754_4110b70092_o.jpg
424,
425,https://live.staticflickr.com/7033/13780880885_f6763e9129_o.jpg
426,https://live.staticflickr.com/3411/3481049671_02dd32b01a_o.jpg
427,https://live.staticflickr.com/56/149490977_b6b55daade_o.jpg
428,
429,
430,https://live.staticflickr.com/3644/3510495567_c5c6885569_o.jpg
431,https://live.staticflickr.com/4036/4641419829_56bb5aee64_o.jpg
432,https://live.staticflickr.com/4011/4652341037_3f3185fa25_o.jpg
433,
434,https://live.staticflickr.com/3084/2572109745_eba3e1b19f_o.jpg
435,https://live.staticflickr.com/219/498881088_582bec3619_o.jpg
436,https://live.staticflickr.com/2005/2441258591_0deb687936_o.jpg
437,
438,https://live.staticflickr.com/183/391195679_488aeb9b32_o.jpg
439,https://live.staticflickr.com/8034/8036053004_87552f1e59_o.jpg
440,https://live.staticflickr.com/5270/5651251780_8bc57fa0d8_o.jpg
441,
442,https://live.staticflickr.com/3763/13680289453_179e80d164_o.jpg
443,
444,
445,https://live.staticflickr.com/4233/35307562225_6fd9867e07_o.jpg
446,https://live.staticflickr.com/7315/8720483729_af5b492287_o.jpg
447,
448,
449,https://live.staticflickr.com/3145/2641163014_af51811783_o.jpg
450,https://live.staticflickr.com/2331/2514968370_5a596d3285_o.jpg
451,https://live.staticflickr.com/7356/14174199913_6048e8bb42_o.jpg
452,https://live.staticflickr.com/798/26952328518_6e0e317303_o.jpg
453,https://live.staticflickr.com/3119/3086224230_a737e6579c_o.jpg
454,https://live.staticflickr.com/2169/3561475610_facbe96622_o.jpg
455,
456,https://live.staticflickr.com/5325/17779345575_96b8300643_o.jpg
457,
458,https://live.staticflickr.com/3022/2987634074_b812d8387e_o.jpg
459,https://live.staticflickr.com/2888/34252782101_e68a700b33_o.jpg
460,https://live.staticflickr.com/8188/8120051133_6c6d42729c_o.jpg
461,https://live.staticflickr.com/3428/3318761127_2970a89c42_o.jpg
462,https://live.staticflickr.com/3660/3591711478_0702cec1ed_o.jpg
463,
464,
465,https://live.staticflickr.com/2875/13723197524_2ed9b54a8f_o.jpg
466,
467,
468,https://live.staticflickr.com/7289/9051099993_07acfe93ce_o.jpg
469,https://live.staticflickr.com/7347/14125055676_b3e6b8d3c4_o.png
470,https://live.staticflickr.com/2356/5695309566_6ee07b702b_o.jpg
471,https://live.staticflickr.com/4013/4682396944_491d23743b_o.jpg
472,https://live.staticflickr.com/3328/3636201358_42cdc136e2_o.jpg
473,https://live.staticflickr.com/5064/5896927616_08cd1da9dc_o.jpg
474,https://live.staticflickr.com/4062/4637496082_5e6ba82820_o.jpg
475,
476,https://live.staticflickr.com/2178/2476513504_a79fa1b40b_o.jpg
477,https://live.staticflickr.com/7073/6967643982_389516ea92_o.jpg
478,https://live.staticflickr.com/5108/5673985985_0c83c01384_o.jpg
479,https://live.staticflickr.com/8840/17959086836_fcce0412a4_o.jpg
480,https://live.staticflickr.com/8023/7631383584_3fee77dc49_o.jpg
481,https://live.staticflickr.com/3088/2553543117_7484c750e9_o.jpg
482,https://live.staticflickr.com/7713/17083534979_568cc470ab_o.jpg
483,
484,https://live.staticflickr.com/4029/4567289696_f6ab724852_o.jpg
485,https://live.staticflickr.com/3038/2558774421_16b519d4e6_o.jpg
486,https://live.staticflickr.com/8109/8612888775_572e967056_o.jpg
487,https://live.staticflickr.com/232/505449319_edfa95bbb9_o.jpg
488,https://live.staticflickr.com/8257/8690708529_6e58ce1529_o.jpg
489,https://live.staticflickr.com/8872/18141122602_0f33d29e38_o.jpg
490,https://live.staticflickr.com/4042/4683855412_909d7b1750_o.jpg
491,
492,https://live.staticflickr.com/2760/5791452511_be3233504e_o.jpg
493,https://live.staticflickr.com/3749/14285755156_42b7d491e0_o.jpg
494,https://live.staticflickr.com/4044/4590250915_ef21777957_o.jpg
495,https://live.staticflickr.com/7091/7313474410_098951bd0e_o.jpg
496,https://live.staticflickr.com/3396/3651860370_601fafb7cd_o.jpg
497,https://live.staticflickr.com/3186/5752158433_84f0706e47_o.jpg
498,https://live.staticflickr.com/5261/5702977490_c5471f050e_o.jpg
499,https://live.staticflickr.com/7307/8753156569_d1079b96d7_o.jpg
